﻿<?xml version="1.0" encoding="utf-8"?>
<SettingsBlock>
	<ModSettings Class="CustomMusic.MusicSettings">
		<musicPath>/home/steam/Games/App/RimMusic</musicPath>
		<songList>
			<li>
				<clipPath>/home/steam/Games/App/RimMusic/Sounds/AnyTime/Angel_falling_re-edit.ogg</clipPath>
				<defName>Angel_falling_re-edit</defName>
				<allowedSeasons />
			</li>
			<li>
				<clipPath>/home/steam/Games/App/RimMusic/Sounds/AnyTime/Ascending_obsolescence.ogg</clipPath>
				<defName>Ascending_obsolescence</defName>
				<allowedSeasons />
			</li>
			<li>
				<clipPath>/home/steam/Games/App/RimMusic/Sounds/AnyTime/Awaits.ogg</clipPath>
				<defName>Awaits</defName>
				<allowedSeasons />
			</li>
			<li>
				<clipPath>/home/steam/Games/App/RimMusic/Sounds/AnyTime/Awake.ogg</clipPath>
				<defName>Awake</defName>
				<allowedSeasons />
			</li>
			<li>
				<clipPath>/home/steam/Games/App/RimMusic/Sounds/AnyTime/Barefoot.ogg</clipPath>
				<defName>Barefoot</defName>
				<allowedSeasons />
			</li>
			<li>
				<clipPath>/home/steam/Games/App/RimMusic/Sounds/AnyTime/Beautiful_Rain_stripped_down_remix.ogg</clipPath>
				<defName>Beautiful_Rain_stripped_down_remix</defName>
				<allowedSeasons />
			</li>
			<li>
				<clipPath>/home/steam/Games/App/RimMusic/Sounds/AnyTime/Before_Origin.ogg</clipPath>
				<defName>Before_Origin</defName>
				<allowedSeasons />
			</li>
			<li>
				<clipPath>/home/steam/Games/App/RimMusic/Sounds/AnyTime/Bind_thy_wings.ogg</clipPath>
				<defName>Bind_thy_wings</defName>
				<allowedSeasons />
			</li>
			<li>
				<clipPath>/home/steam/Games/App/RimMusic/Sounds/AnyTime/Botanic_Garden.ogg</clipPath>
				<defName>Botanic_Garden</defName>
				<allowedSeasons />
			</li>
			<li>
				<clipPath>/home/steam/Games/App/RimMusic/Sounds/AnyTime/Bush.ogg</clipPath>
				<defName>Bush</defName>
				<allowedSeasons />
			</li>
			<li>
				<clipPath>/home/steam/Games/App/RimMusic/Sounds/AnyTime/Cant_Let_Her_Go.ogg</clipPath>
				<defName>Cant_Let_Her_Go</defName>
				<allowedSeasons />
			</li>
			<li>
				<clipPath>/home/steam/Games/App/RimMusic/Sounds/AnyTime/Cell.ogg</clipPath>
				<defName>Cell</defName>
				<allowedSeasons />
			</li>
			<li>
				<clipPath>/home/steam/Games/App/RimMusic/Sounds/AnyTime/Chasing_Butterflies_into_the_Snow.ogg</clipPath>
				<defName>Chasing_Butterflies_into_the_Snow</defName>
				<allowedSeasons />
			</li>
			<li>
				<clipPath>/home/steam/Games/App/RimMusic/Sounds/AnyTime/Clover.ogg</clipPath>
				<defName>Clover</defName>
				<allowedSeasons />
			</li>
			<li>
				<clipPath>/home/steam/Games/App/RimMusic/Sounds/AnyTime/Conscience_remastered.ogg</clipPath>
				<defName>Conscience_remastered</defName>
				<allowedSeasons />
			</li>
			<li>
				<clipPath>/home/steam/Games/App/RimMusic/Sounds/AnyTime/Curves.ogg</clipPath>
				<defName>Curves</defName>
				<allowedSeasons />
			</li>
			<li>
				<clipPath>/home/steam/Games/App/RimMusic/Sounds/AnyTime/Dew.ogg</clipPath>
				<defName>Dew</defName>
				<allowedSeasons />
			</li>
			<li>
				<clipPath>/home/steam/Games/App/RimMusic/Sounds/AnyTime/Dining_on_Backs_of_the_Brave_Instrumental.ogg</clipPath>
				<defName>Dining_on_Backs_of_the_Brave_Instrumental</defName>
				<allowedSeasons />
			</li>
			<li>
				<clipPath>/home/steam/Games/App/RimMusic/Sounds/AnyTime/Double_Slit_Test.ogg</clipPath>
				<defName>Double_Slit_Test</defName>
				<allowedSeasons />
			</li>
			<li>
				<clipPath>/home/steam/Games/App/RimMusic/Sounds/AnyTime/Dreaming_Days.ogg</clipPath>
				<defName>Dreaming_Days</defName>
				<allowedSeasons />
			</li>
			<li>
				<clipPath>/home/steam/Games/App/RimMusic/Sounds/AnyTime/Drenched.ogg</clipPath>
				<defName>Drenched</defName>
				<allowedSeasons />
			</li>
			<li>
				<clipPath>/home/steam/Games/App/RimMusic/Sounds/AnyTime/Dryness.ogg</clipPath>
				<defName>Dryness</defName>
				<allowedSeasons />
			</li>
			<li>
				<clipPath>/home/steam/Games/App/RimMusic/Sounds/AnyTime/Dryness_wet_mix.ogg</clipPath>
				<defName>Dryness_wet_mix</defName>
				<allowedSeasons />
			</li>
			<li>
				<clipPath>/home/steam/Games/App/RimMusic/Sounds/AnyTime/Duplicates.ogg</clipPath>
				<defName>Duplicates</defName>
				<allowedSeasons />
			</li>
			<li>
				<clipPath>/home/steam/Games/App/RimMusic/Sounds/AnyTime/Emergence.ogg</clipPath>
				<defName>Emergence</defName>
				<allowedSeasons />
			</li>
			<li>
				<clipPath>/home/steam/Games/App/RimMusic/Sounds/AnyTime/Encounter.ogg</clipPath>
				<defName>Encounter</defName>
				<allowedSeasons />
			</li>
			<li>
				<clipPath>/home/steam/Games/App/RimMusic/Sounds/AnyTime/Fail_Safe.ogg</clipPath>
				<defName>Fail_Safe</defName>
				<allowedSeasons />
			</li>
			<li>
				<clipPath>/home/steam/Games/App/RimMusic/Sounds/AnyTime/Flowers.ogg</clipPath>
				<defName>Flowers</defName>
				<allowedSeasons />
			</li>
			<li>
				<clipPath>/home/steam/Games/App/RimMusic/Sounds/AnyTime/Follow_the_Course.ogg</clipPath>
				<defName>Follow_the_Course</defName>
				<allowedSeasons />
			</li>
			<li>
				<clipPath>/home/steam/Games/App/RimMusic/Sounds/AnyTime/Freedoms.ogg</clipPath>
				<defName>Freedoms</defName>
				<allowedSeasons />
			</li>
			<li>
				<clipPath>/home/steam/Games/App/RimMusic/Sounds/AnyTime/Frozen-yarrows.ogg</clipPath>
				<defName>Frozen-yarrows</defName>
				<allowedSeasons />
			</li>
			<li>
				<clipPath>/home/steam/Games/App/RimMusic/Sounds/AnyTime/Giving_it_All.ogg</clipPath>
				<defName>Giving_it_All</defName>
				<allowedSeasons />
			</li>
			<li>
				<clipPath>/home/steam/Games/App/RimMusic/Sounds/AnyTime/Golden.ogg</clipPath>
				<defName>Golden</defName>
				<allowedSeasons />
			</li>
			<li>
				<clipPath>/home/steam/Games/App/RimMusic/Sounds/AnyTime/Golden_Hour.ogg</clipPath>
				<defName>Golden_Hour</defName>
				<allowedSeasons />
			</li>
			<li>
				<clipPath>/home/steam/Games/App/RimMusic/Sounds/AnyTime/Goodbye_and_Thank_You.ogg</clipPath>
				<defName>Goodbye_and_Thank_You</defName>
				<allowedSeasons />
			</li>
			<li>
				<clipPath>/home/steam/Games/App/RimMusic/Sounds/AnyTime/Headway.ogg</clipPath>
				<defName>Headway</defName>
				<allowedSeasons />
			</li>
			<li>
				<clipPath>/home/steam/Games/App/RimMusic/Sounds/AnyTime/Heart_Left_On_the_Night_Train.ogg</clipPath>
				<defName>Heart_Left_On_the_Night_Train</defName>
				<allowedSeasons />
			</li>
			<li>
				<clipPath>/home/steam/Games/App/RimMusic/Sounds/AnyTime/Helping_Hands.ogg</clipPath>
				<defName>Helping_Hands</defName>
				<allowedSeasons />
			</li>
			<li>
				<clipPath>/home/steam/Games/App/RimMusic/Sounds/AnyTime/How_it_Fades.ogg</clipPath>
				<defName>How_it_Fades</defName>
				<allowedSeasons />
			</li>
			<li>
				<clipPath>/home/steam/Games/App/RimMusic/Sounds/AnyTime/I_Dare_You.ogg</clipPath>
				<defName>I_Dare_You</defName>
				<allowedSeasons />
			</li>
			<li>
				<clipPath>/home/steam/Games/App/RimMusic/Sounds/AnyTime/I_Will_Wait_For_You.ogg</clipPath>
				<defName>I_Will_Wait_For_You</defName>
				<allowedSeasons />
			</li>
			<li>
				<clipPath>/home/steam/Games/App/RimMusic/Sounds/AnyTime/In_Unison.ogg</clipPath>
				<defName>In_Unison</defName>
				<allowedSeasons />
			</li>
			<li>
				<clipPath>/home/steam/Games/App/RimMusic/Sounds/AnyTime/Inexpress.ogg</clipPath>
				<defName>Inexpress</defName>
				<allowedSeasons />
			</li>
			<li>
				<clipPath>/home/steam/Games/App/RimMusic/Sounds/AnyTime/Juparo.ogg</clipPath>
				<defName>Juparo</defName>
				<allowedSeasons />
			</li>
			<li>
				<clipPath>/home/steam/Games/App/RimMusic/Sounds/AnyTime/Just_Looking.ogg</clipPath>
				<defName>Just_Looking</defName>
				<allowedSeasons />
			</li>
			<li>
				<clipPath>/home/steam/Games/App/RimMusic/Sounds/AnyTime/Life_Illusion.ogg</clipPath>
				<defName>Life_Illusion</defName>
				<allowedSeasons />
			</li>
			<li>
				<clipPath>/home/steam/Games/App/RimMusic/Sounds/AnyTime/Maree.ogg</clipPath>
				<defName>Maree</defName>
				<allowedSeasons />
			</li>
			<li>
				<clipPath>/home/steam/Games/App/RimMusic/Sounds/AnyTime/Melt.ogg</clipPath>
				<defName>Melt</defName>
				<allowedSeasons />
			</li>
			<li>
				<clipPath>/home/steam/Games/App/RimMusic/Sounds/AnyTime/Moment_to_Moment.ogg</clipPath>
				<defName>Moment_to_Moment</defName>
				<allowedSeasons />
			</li>
			<li>
				<clipPath>/home/steam/Games/App/RimMusic/Sounds/AnyTime/No_Better_Time.ogg</clipPath>
				<defName>No_Better_Time</defName>
				<allowedSeasons />
			</li>
			<li>
				<clipPath>/home/steam/Games/App/RimMusic/Sounds/AnyTime/On-the-traces-of-rapture.ogg</clipPath>
				<defName>On-the-traces-of-rapture</defName>
				<allowedSeasons />
			</li>
			<li>
				<clipPath>/home/steam/Games/App/RimMusic/Sounds/AnyTime/Onwards_Upwards.ogg</clipPath>
				<defName>Onwards_Upwards</defName>
				<allowedSeasons />
			</li>
			<li>
				<clipPath>/home/steam/Games/App/RimMusic/Sounds/AnyTime/Open_Door.ogg</clipPath>
				<defName>Open_Door</defName>
				<allowedSeasons />
			</li>
			<li>
				<clipPath>/home/steam/Games/App/RimMusic/Sounds/AnyTime/Pieces_of_the_Present.ogg</clipPath>
				<defName>Pieces_of_the_Present</defName>
				<allowedSeasons />
			</li>
			<li>
				<clipPath>/home/steam/Games/App/RimMusic/Sounds/AnyTime/See_My_House.ogg</clipPath>
				<defName>See_My_House</defName>
				<allowedSeasons />
			</li>
			<li>
				<clipPath>/home/steam/Games/App/RimMusic/Sounds/AnyTime/Seeing_You_Again.ogg</clipPath>
				<defName>Seeing_You_Again</defName>
				<allowedSeasons />
			</li>
			<li>
				<clipPath>/home/steam/Games/App/RimMusic/Sounds/AnyTime/Sky_Watch.ogg</clipPath>
				<defName>Sky_Watch</defName>
				<allowedSeasons />
			</li>
			<li>
				<clipPath>/home/steam/Games/App/RimMusic/Sounds/AnyTime/Some_Time.ogg</clipPath>
				<defName>Some_Time</defName>
				<allowedSeasons />
			</li>
			<li>
				<clipPath>/home/steam/Games/App/RimMusic/Sounds/AnyTime/Spirit_Body.ogg</clipPath>
				<defName>Spirit_Body</defName>
				<allowedSeasons />
			</li>
			<li>
				<clipPath>/home/steam/Games/App/RimMusic/Sounds/AnyTime/Start_of_something_beautiful.ogg</clipPath>
				<defName>Start_of_something_beautiful</defName>
				<allowedSeasons />
			</li>
			<li>
				<clipPath>/home/steam/Games/App/RimMusic/Sounds/AnyTime/Stray_Not.ogg</clipPath>
				<defName>Stray_Not</defName>
				<allowedSeasons />
			</li>
			<li>
				<clipPath>/home/steam/Games/App/RimMusic/Sounds/AnyTime/Symbiosis.ogg</clipPath>
				<defName>Symbiosis</defName>
				<allowedSeasons />
			</li>
			<li>
				<clipPath>/home/steam/Games/App/RimMusic/Sounds/AnyTime/The_Gold_Lining.ogg</clipPath>
				<defName>The_Gold_Lining</defName>
				<allowedSeasons />
			</li>
			<li>
				<clipPath>/home/steam/Games/App/RimMusic/Sounds/AnyTime/The_Stork.ogg</clipPath>
				<defName>The_Stork</defName>
				<allowedSeasons />
			</li>
			<li>
				<clipPath>/home/steam/Games/App/RimMusic/Sounds/AnyTime/The_Third.ogg</clipPath>
				<defName>The_Third</defName>
				<allowedSeasons />
			</li>
			<li>
				<clipPath>/home/steam/Games/App/RimMusic/Sounds/AnyTime/Thebalanceddunes.ogg</clipPath>
				<defName>Thebalanceddunes</defName>
				<allowedSeasons />
			</li>
			<li>
				<clipPath>/home/steam/Games/App/RimMusic/Sounds/AnyTime/Things_To_Come.ogg</clipPath>
				<defName>Things_To_Come</defName>
				<allowedSeasons />
			</li>
			<li>
				<clipPath>/home/steam/Games/App/RimMusic/Sounds/AnyTime/Twice.ogg</clipPath>
				<defName>Twice</defName>
				<allowedSeasons />
			</li>
			<li>
				<clipPath>/home/steam/Games/App/RimMusic/Sounds/AnyTime/Unforgiven.ogg</clipPath>
				<defName>Unforgiven</defName>
				<allowedSeasons />
			</li>
			<li>
				<clipPath>/home/steam/Games/App/RimMusic/Sounds/AnyTime/Via-Appice.ogg</clipPath>
				<defName>Via-Appice</defName>
				<allowedSeasons />
			</li>
			<li>
				<clipPath>/home/steam/Games/App/RimMusic/Sounds/AnyTime/Vibrancy.ogg</clipPath>
				<defName>Vibrancy</defName>
				<allowedSeasons />
			</li>
			<li>
				<clipPath>/home/steam/Games/App/RimMusic/Sounds/AnyTime/What_tomorrow_brings.ogg</clipPath>
				<defName>What_tomorrow_brings</defName>
				<allowedSeasons />
			</li>
			<li>
				<clipPath>/home/steam/Games/App/RimMusic/Sounds/AnyTime/Whats_Left_Still_Works.ogg</clipPath>
				<defName>Whats_Left_Still_Works</defName>
				<allowedSeasons />
			</li>
			<li>
				<clipPath>/home/steam/Games/App/RimMusic/Sounds/AnyTime/Wound.ogg</clipPath>
				<defName>Wound</defName>
				<allowedSeasons />
			</li>
			<li>
				<clipPath>/home/steam/Games/App/RimMusic/Sounds/AnyTime/Wounds.ogg</clipPath>
				<defName>Wounds</defName>
				<allowedSeasons />
			</li>
			<li>
				<clipPath>/home/steam/Games/App/RimMusic/Sounds/AnyTime/XXV.ogg</clipPath>
				<defName>XXV</defName>
				<allowedSeasons />
			</li>
			<li>
				<clipPath>/home/steam/Games/App/RimMusic/Sounds/AnyTime/betterdays.ogg</clipPath>
				<defName>betterdays</defName>
				<allowedSeasons />
			</li>
			<li>
				<clipPath>/home/steam/Games/App/RimMusic/Sounds/AnyTime/cities.ogg</clipPath>
				<defName>cities</defName>
				<allowedSeasons />
			</li>
			<li>
				<clipPath>/home/steam/Games/App/RimMusic/Sounds/AnyTime/difference_in_a_day.ogg</clipPath>
				<defName>difference_in_a_day</defName>
				<allowedSeasons />
			</li>
			<li>
				<clipPath>/home/steam/Games/App/RimMusic/Sounds/AnyTime/falling_sky.ogg</clipPath>
				<defName>falling_sky</defName>
				<allowedSeasons />
			</li>
			<li>
				<clipPath>/home/steam/Games/App/RimMusic/Sounds/AnyTime/newdawn.ogg</clipPath>
				<defName>newdawn</defName>
				<allowedSeasons />
			</li>
			<li>
				<clipPath>/home/steam/Games/App/RimMusic/Sounds/AnyTime/origins.ogg</clipPath>
				<defName>origins</defName>
				<allowedSeasons />
			</li>
			<li>
				<clipPath>/home/steam/Games/App/RimMusic/Sounds/AnyTime/schmaltz.ogg</clipPath>
				<defName>schmaltz</defName>
				<allowedSeasons />
			</li>
			<li>
				<clipPath>/home/steam/Games/App/RimMusic/Sounds/AnyTime/slowmotion.ogg</clipPath>
				<defName>slowmotion</defName>
				<allowedSeasons />
			</li>
			<li>
				<clipPath>/home/steam/Games/App/RimMusic/Sounds/AnyTime/teller-of-the-tales.ogg</clipPath>
				<defName>teller-of-the-tales</defName>
				<allowedSeasons />
			</li>
			<li>
				<clipPath>/home/steam/Games/App/RimMusic/Sounds/AnyTime/the-pyre.ogg</clipPath>
				<defName>the-pyre</defName>
				<allowedSeasons />
			</li>
			<li>
				<clipPath>/home/steam/Games/App/RimMusic/Sounds/AnyTime/the_letter.ogg</clipPath>
				<defName>the_letter</defName>
				<allowedSeasons />
			</li>
			<li>
				<clipPath>/home/steam/Games/App/RimMusic/Sounds/AnyTime/theelvesofthecoast.ogg</clipPath>
				<defName>theelvesofthecoast</defName>
				<allowedSeasons />
			</li>
			<li>
				<clipPath>/home/steam/Games/App/RimMusic/Sounds/AnyTime/this_way.ogg</clipPath>
				<defName>this_way</defName>
				<allowedSeasons />
			</li>
			<li>
				<clipPath>/home/steam/Games/App/RimMusic/Sounds/AnyTime/tomorrow.ogg</clipPath>
				<defName>tomorrow</defName>
				<allowedSeasons />
			</li>
			<li>
				<clipPath>/home/steam/Games/App/RimMusic/Sounds/AnyTime/tramonti.ogg</clipPath>
				<defName>tramonti</defName>
				<allowedSeasons />
			</li>
			<li>
				<clipPath>/home/steam/Games/App/RimMusic/Sounds/AnyTime/turtleneck_foxtrot.ogg</clipPath>
				<defName>turtleneck_foxtrot</defName>
				<allowedSeasons />
			</li>
			<li>
				<clipPath>/home/steam/Games/App/RimMusic/Sounds/AnyTime/vog_crumpet_river_a.ogg</clipPath>
				<defName>vog_crumpet_river_a</defName>
				<allowedSeasons />
			</li>
			<li>
				<clipPath>/home/steam/Games/App/RimMusic/Sounds/AnyTime/vog_eastern_thought.ogg</clipPath>
				<defName>vog_eastern_thought</defName>
				<allowedSeasons />
			</li>
			<li>
				<clipPath>/home/steam/Games/App/RimMusic/Sounds/AnyTime/vog_high_valley_hometown.ogg</clipPath>
				<defName>vog_high_valley_hometown</defName>
				<allowedSeasons />
			</li>
			<li>
				<clipPath>/home/steam/Games/App/RimMusic/Sounds/AnyTime/vog_mountain_creek.ogg</clipPath>
				<defName>vog_mountain_creek</defName>
				<allowedSeasons />
			</li>
			<li>
				<clipPath>/home/steam/Games/App/RimMusic/Sounds/AnyTime/vog_rain_on_lake_erie.ogg</clipPath>
				<defName>vog_rain_on_lake_erie</defName>
				<allowedSeasons />
			</li>
			<li>
				<clipPath>/home/steam/Games/App/RimMusic/Sounds/AnyTime/vog_solitude.ogg</clipPath>
				<defName>vog_solitude</defName>
				<allowedSeasons />
			</li>
			<li>
				<clipPath>/home/steam/Games/App/RimMusic/Sounds/AnyTime/vog_storm_and_bounty.ogg</clipPath>
				<defName>vog_storm_and_bounty</defName>
				<allowedSeasons />
			</li>
			<li>
				<clipPath>/home/steam/Games/App/RimMusic/Sounds/AnyTime/vog_the_big_sky.ogg</clipPath>
				<defName>vog_the_big_sky</defName>
				<allowedSeasons />
			</li>
			<li>
				<clipPath>/home/steam/Games/App/RimMusic/Sounds/AnyTime/vog_wilderness_a.ogg</clipPath>
				<defName>vog_wilderness_a</defName>
				<allowedSeasons />
			</li>
			<li>
				<clipPath>/home/steam/Games/App/RimMusic/Sounds/AnyTime/vog_wilderness_b.ogg</clipPath>
				<defName>vog_wilderness_b</defName>
				<allowedSeasons />
			</li>
			<li>
				<clipPath>/home/steam/Games/App/RimMusic/Sounds/AnyTime/wave_wash.ogg</clipPath>
				<defName>wave_wash</defName>
				<allowedSeasons />
			</li>
			<li>
				<clipPath>/home/steam/Games/App/RimMusic/Sounds/AnyTime/whipvine.ogg</clipPath>
				<defName>whipvine</defName>
				<allowedSeasons />
			</li>
			<li>
				<clipPath>/home/steam/Games/App/RimMusic/Sounds/AnyTime/work.ogg</clipPath>
				<defName>work</defName>
				<allowedSeasons />
			</li>
			<li>
				<clipPath>/home/steam/Games/App/RimMusic/Sounds/Day/Better_Together.ogg</clipPath>
				<defName>Better_Together</defName>
				<allowedSeasons />
			</li>
			<li>
				<clipPath>/home/steam/Games/App/RimMusic/Sounds/Day/Big_Cheese.ogg</clipPath>
				<defName>Big_Cheese</defName>
				<allowedSeasons />
			</li>
			<li>
				<clipPath>/home/steam/Games/App/RimMusic/Sounds/Day/BoomBox.ogg</clipPath>
				<defName>BoomBox</defName>
				<allowedSeasons />
			</li>
			<li>
				<clipPath>/home/steam/Games/App/RimMusic/Sounds/Day/Dusty_Hills.ogg</clipPath>
				<defName>Dusty_Hills</defName>
				<allowedSeasons />
			</li>
			<li>
				<clipPath>/home/steam/Games/App/RimMusic/Sounds/Day/Forward_Motion.ogg</clipPath>
				<defName>Forward_Motion</defName>
				<allowedSeasons />
			</li>
			<li>
				<clipPath>/home/steam/Games/App/RimMusic/Sounds/Day/Greener_Grass.ogg</clipPath>
				<defName>Greener_Grass</defName>
				<allowedSeasons />
			</li>
			<li>
				<clipPath>/home/steam/Games/App/RimMusic/Sounds/Day/Kelp_Grooves.ogg</clipPath>
				<defName>Kelp_Grooves</defName>
				<allowedSeasons />
			</li>
			<li>
				<clipPath>/home/steam/Games/App/RimMusic/Sounds/Day/Mission_Ready.ogg</clipPath>
				<defName>Mission_Ready</defName>
				<allowedSeasons />
			</li>
			<li>
				<clipPath>/home/steam/Games/App/RimMusic/Sounds/Day/Passable-times-tolerable-times.ogg</clipPath>
				<defName>Passable-times-tolerable-times</defName>
				<allowedSeasons />
			</li>
			<li>
				<clipPath>/home/steam/Games/App/RimMusic/Sounds/Day/Reflective.ogg</clipPath>
				<defName>Reflective</defName>
				<allowedSeasons />
			</li>
			<li>
				<clipPath>/home/steam/Games/App/RimMusic/Sounds/Day/Simplify.ogg</clipPath>
				<defName>Simplify</defName>
				<allowedSeasons />
			</li>
			<li>
				<clipPath>/home/steam/Games/App/RimMusic/Sounds/Day/Summer_Spliffs.ogg</clipPath>
				<defName>Summer_Spliffs</defName>
				<allowedSeasons />
			</li>
			<li>
				<clipPath>/home/steam/Games/App/RimMusic/Sounds/Day/aimless.ogg</clipPath>
				<defName>aimless</defName>
				<allowedSeasons />
			</li>
			<li>
				<clipPath>/home/steam/Games/App/RimMusic/Sounds/Day/look_up.ogg</clipPath>
				<defName>look_up</defName>
				<allowedSeasons />
			</li>
			<li>
				<clipPath>/home/steam/Games/App/RimMusic/Sounds/Day/peace_flower.ogg</clipPath>
				<defName>peace_flower</defName>
				<allowedSeasons />
			</li>
			<li>
				<clipPath>/home/steam/Games/App/RimMusic/Sounds/Day/vog_shady_grove.ogg</clipPath>
				<defName>vog_shady_grove</defName>
				<allowedSeasons />
			</li>
			<li>
				<clipPath>/home/steam/Games/App/RimMusic/Sounds/Night/A_Nice_Life.ogg</clipPath>
				<defName>A_Nice_Life</defName>
				<allowedSeasons />
			</li>
			<li>
				<clipPath>/home/steam/Games/App/RimMusic/Sounds/Night/Feels_Broken.ogg</clipPath>
				<defName>Feels_Broken</defName>
				<allowedSeasons />
			</li>
			<li>
				<clipPath>/home/steam/Games/App/RimMusic/Sounds/Night/Fryeri.ogg</clipPath>
				<defName>Fryeri</defName>
				<allowedSeasons />
			</li>
			<li>
				<clipPath>/home/steam/Games/App/RimMusic/Sounds/Night/Good_Evening_Melancholy.ogg</clipPath>
				<defName>Good_Evening_Melancholy</defName>
				<allowedSeasons />
			</li>
			<li>
				<clipPath>/home/steam/Games/App/RimMusic/Sounds/Night/Green_Fields.ogg</clipPath>
				<defName>Green_Fields</defName>
				<allowedSeasons />
			</li>
			<li>
				<clipPath>/home/steam/Games/App/RimMusic/Sounds/Night/Memories_Renewed.ogg</clipPath>
				<defName>Memories_Renewed</defName>
				<allowedSeasons />
			</li>
			<li>
				<clipPath>/home/steam/Games/App/RimMusic/Sounds/Night/Moon_Rise.ogg</clipPath>
				<defName>Moon_Rise</defName>
				<allowedSeasons />
			</li>
			<li>
				<clipPath>/home/steam/Games/App/RimMusic/Sounds/Night/Pretend_and_walk_outside_Instrumental.ogg</clipPath>
				<defName>Pretend_and_walk_outside_Instrumental</defName>
				<allowedSeasons />
			</li>
			<li>
				<clipPath>/home/steam/Games/App/RimMusic/Sounds/Night/Rooftop.ogg</clipPath>
				<defName>Rooftop</defName>
				<allowedSeasons />
			</li>
			<li>
				<clipPath>/home/steam/Games/App/RimMusic/Sounds/Night/Shimmer.ogg</clipPath>
				<defName>Shimmer</defName>
				<allowedSeasons />
			</li>
			<li>
				<clipPath>/home/steam/Games/App/RimMusic/Sounds/Night/Slow_Vibing.ogg</clipPath>
				<defName>Slow_Vibing</defName>
				<allowedSeasons />
			</li>
			<li>
				<clipPath>/home/steam/Games/App/RimMusic/Sounds/Night/The_Hours.ogg</clipPath>
				<defName>The_Hours</defName>
				<allowedSeasons />
			</li>
			<li>
				<clipPath>/home/steam/Games/App/RimMusic/Sounds/Night/Wash_Away.ogg</clipPath>
				<defName>Wash_Away</defName>
				<allowedSeasons />
			</li>
			<li>
				<clipPath>/home/steam/Games/App/RimMusic/Sounds/Night/catching_feathers_rmx.ogg</clipPath>
				<defName>catching_feathers_rmx</defName>
				<allowedSeasons />
			</li>
			<li>
				<clipPath>/home/steam/Games/App/RimMusic/Sounds/Night/easy-lemon.ogg</clipPath>
				<defName>easy-lemon</defName>
				<allowedSeasons />
			</li>
			<li>
				<clipPath>/home/steam/Games/App/RimMusic/Sounds/Night/lighting_the_night.ogg</clipPath>
				<defName>lighting_the_night</defName>
				<allowedSeasons />
			</li>
			<li>
				<clipPath>/home/steam/Games/App/RimMusic/Sounds/Night/midnight-tale.ogg</clipPath>
				<defName>midnight-tale</defName>
				<allowedSeasons />
			</li>
			<li>
				<clipPath>/home/steam/Games/App/RimMusic/Sounds/Night/vog_namaste.ogg</clipPath>
				<defName>vog_namaste</defName>
				<allowedSeasons />
			</li>
			<li>
				<clipPath>/home/steam/Games/App/RimMusic/Sounds/Night/vog_river_fire.ogg</clipPath>
				<defName>vog_river_fire</defName>
				<allowedSeasons />
			</li>
			<li>
				<clipPath>/home/steam/Games/App/RimMusic/Sounds/Night/vog_send_for_the_horses.ogg</clipPath>
				<defName>vog_send_for_the_horses</defName>
				<allowedSeasons />
			</li>
			<li>
				<clipPath>/home/steam/Games/App/RimMusic/Sounds/Night/vog_shifting_sands.ogg</clipPath>
				<defName>vog_shifting_sands</defName>
				<allowedSeasons />
			</li>
			<li>
				<clipPath>/home/steam/Games/App/RimMusic/Sounds/Night/vog_tranquility.ogg</clipPath>
				<defName>vog_tranquility</defName>
				<allowedSeasons />
			</li>
			<li>
				<clipPath>/home/steam/Games/App/RimMusic/Sounds/Night/vog_uluru.ogg</clipPath>
				<defName>vog_uluru</defName>
				<allowedSeasons />
			</li>
			<li>
				<clipPath>/home/steam/Games/App/RimMusic/Sounds/Night/windswept.ogg</clipPath>
				<defName>windswept</defName>
				<allowedSeasons />
			</li>
			<li>
				<clipPath>/home/steam/Games/App/RimMusic/Sounds/PMusic/A_Place_of_Our_Own.ogg</clipPath>
				<defName>A_Place_of_Our_Own</defName>
				<allowedSeasons />
			</li>
			<li>
				<clipPath>/home/steam/Games/App/RimMusic/Sounds/PMusic/Alive.ogg</clipPath>
				<defName>Alive561</defName>
				<allowedSeasons />
			</li>
			<li>
				<clipPath>/home/steam/Games/App/RimMusic/Sounds/PMusic/Back_to_Work.ogg</clipPath>
				<defName>Back_to_Work</defName>
				<allowedSeasons />
			</li>
			<li>
				<clipPath>/home/steam/Games/App/RimMusic/Sounds/PMusic/Blue.ogg</clipPath>
				<defName>Blue48</defName>
				<allowedSeasons />
			</li>
			<li>
				<clipPath>/home/steam/Games/App/RimMusic/Sounds/PMusic/Bright_Side_of_Life.ogg</clipPath>
				<defName>Bright_Side_of_Life</defName>
				<allowedSeasons />
			</li>
			<li>
				<clipPath>/home/steam/Games/App/RimMusic/Sounds/PMusic/Carry_On.ogg</clipPath>
				<defName>Carry_On</defName>
				<allowedSeasons />
			</li>
			<li>
				<clipPath>/home/steam/Games/App/RimMusic/Sounds/PMusic/Cruel_World.ogg</clipPath>
				<defName>Cruel_World</defName>
				<allowedSeasons />
			</li>
			<li>
				<clipPath>/home/steam/Games/App/RimMusic/Sounds/PMusic/Fair_Glade.ogg</clipPath>
				<defName>Fair_Glade</defName>
				<allowedSeasons />
			</li>
			<li>
				<clipPath>/home/steam/Games/App/RimMusic/Sounds/PMusic/Far_Away.ogg</clipPath>
				<defName>Far_Away</defName>
				<allowedSeasons />
			</li>
			<li>
				<clipPath>/home/steam/Games/App/RimMusic/Sounds/PMusic/Lone_Hunter.ogg</clipPath>
				<defName>Lone_Hunter</defName>
				<allowedSeasons />
			</li>
			<li>
				<clipPath>/home/steam/Games/App/RimMusic/Sounds/PMusic/Long_Way_Home.ogg</clipPath>
				<defName>Long_Way_Home</defName>
				<allowedSeasons />
			</li>
			<li>
				<clipPath>/home/steam/Games/App/RimMusic/Sounds/PMusic/Lovely_Day.ogg</clipPath>
				<defName>Lovely_Day</defName>
				<allowedSeasons />
			</li>
			<li>
				<clipPath>/home/steam/Games/App/RimMusic/Sounds/PMusic/Move.ogg</clipPath>
				<defName>Move418</defName>
				<allowedSeasons />
			</li>
			<li>
				<clipPath>/home/steam/Games/App/RimMusic/Sounds/PMusic/Muffalo.ogg</clipPath>
				<defName>Muffalo647</defName>
				<allowedSeasons />
			</li>
			<li>
				<clipPath>/home/steam/Games/App/RimMusic/Sounds/PMusic/Never_Forgotten.ogg</clipPath>
				<defName>Never_Forgotten</defName>
				<allowedSeasons />
			</li>
			<li>
				<clipPath>/home/steam/Games/App/RimMusic/Sounds/PMusic/On_the_Road.ogg</clipPath>
				<defName>On_the_Road</defName>
				<allowedSeasons />
			</li>
			<li>
				<clipPath>/home/steam/Games/App/RimMusic/Sounds/PMusic/One_Can_Dream_to_Fly.ogg</clipPath>
				<defName>One_Can_Dream_to_Fly</defName>
				<allowedSeasons />
			</li>
			<li>
				<clipPath>/home/steam/Games/App/RimMusic/Sounds/PMusic/Protect_Our_Home.ogg</clipPath>
				<defName>Protect_Our_Home</defName>
				<allowedSeasons />
			</li>
			<li>
				<clipPath>/home/steam/Games/App/RimMusic/Sounds/PMusic/Rimmas.ogg</clipPath>
				<defName>Rimmas909</defName>
				<allowedSeasons />
			</li>
			<li>
				<clipPath>/home/steam/Games/App/RimMusic/Sounds/PMusic/Rise.ogg</clipPath>
				<defName>Rise412</defName>
				<allowedSeasons />
			</li>
			<li>
				<clipPath>/home/steam/Games/App/RimMusic/Sounds/PMusic/Rustic_Ranching.ogg</clipPath>
				<defName>Rustic_Ranching</defName>
				<allowedSeasons />
			</li>
			<li>
				<clipPath>/home/steam/Games/App/RimMusic/Sounds/PMusic/Serene_Night.ogg</clipPath>
				<defName>Serene_Night</defName>
				<allowedSeasons />
			</li>
			<li>
				<clipPath>/home/steam/Games/App/RimMusic/Sounds/PMusic/Spacekattommy.ogg</clipPath>
				<defName>Spacekattommy129</defName>
				<allowedSeasons />
			</li>
			<li>
				<clipPath>/home/steam/Games/App/RimMusic/Sounds/PMusic/Stay_Strong.ogg</clipPath>
				<defName>Stay_Strong</defName>
				<allowedSeasons />
			</li>
			<li>
				<clipPath>/home/steam/Games/App/RimMusic/Sounds/PMusic/Strange_Feeling.ogg</clipPath>
				<defName>Strange_Feeling</defName>
				<allowedSeasons />
			</li>
			<li>
				<clipPath>/home/steam/Games/App/RimMusic/Sounds/PMusic/Sunlight.ogg</clipPath>
				<defName>Sunlight890</defName>
				<allowedSeasons />
			</li>
			<li>
				<clipPath>/home/steam/Games/App/RimMusic/Sounds/PMusic/The_Fallen.ogg</clipPath>
				<defName>The_Fallen</defName>
				<allowedSeasons />
			</li>
			<li>
				<clipPath>/home/steam/Games/App/RimMusic/Sounds/PMusic/Tough_Life.ogg</clipPath>
				<defName>Tough_Life</defName>
				<allowedSeasons />
			</li>
			<li>
				<clipPath>/home/steam/Games/App/RimMusic/Sounds/PMusic/Triumph.ogg</clipPath>
				<defName>Triumph</defName>
				<allowedSeasons />
			</li>
			<li>
				<clipPath>/home/steam/Games/App/RimMusic/Sounds/PMusic/Trust_Me.ogg</clipPath>
				<defName>Trust_Me</defName>
				<allowedSeasons />
			</li>
			<li>
				<clipPath>/home/steam/Games/App/RimMusic/Sounds/PMusic/United.ogg</clipPath>
				<defName>United717</defName>
				<allowedSeasons />
			</li>
			<li>
				<clipPath>/home/steam/Games/App/RimMusic/Sounds/PMusic/We_Will.ogg</clipPath>
				<defName>We_Will</defName>
				<allowedSeasons />
			</li>
			<li>
				<clipPath>/home/steam/Games/App/RimMusic/Sounds/Tense/Back_in_the_Saddle.ogg</clipPath>
				<defName>Back_in_the_Saddle</defName>
				<allowedSeasons />
				<tense>True</tense>
			</li>
			<li>
				<clipPath>/home/steam/Games/App/RimMusic/Sounds/Tense/Chasing_Shadows.ogg</clipPath>
				<defName>Chasing_Shadows</defName>
				<allowedSeasons />
				<tense>True</tense>
			</li>
			<li>
				<clipPath>/home/steam/Games/App/RimMusic/Sounds/Tense/Contamination.ogg</clipPath>
				<defName>Contamination</defName>
				<allowedSeasons />
				<tense>True</tense>
			</li>
			<li>
				<clipPath>/home/steam/Games/App/RimMusic/Sounds/Tense/Crescents.ogg</clipPath>
				<defName>Crescents</defName>
				<allowedSeasons />
				<tense>True</tense>
			</li>
			<li>
				<clipPath>/home/steam/Games/App/RimMusic/Sounds/Tense/Deadlock.ogg</clipPath>
				<defName>Deadlock</defName>
				<allowedSeasons />
				<tense>True</tense>
			</li>
			<li>
				<clipPath>/home/steam/Games/App/RimMusic/Sounds/Tense/Divided_We_Fall.ogg</clipPath>
				<defName>Divided_We_Fall</defName>
				<allowedSeasons />
				<tense>True</tense>
			</li>
			<li>
				<clipPath>/home/steam/Games/App/RimMusic/Sounds/Tense/Downfall.ogg</clipPath>
				<defName>Downfall</defName>
				<allowedSeasons />
				<tense>True</tense>
			</li>
			<li>
				<clipPath>/home/steam/Games/App/RimMusic/Sounds/Tense/The_Edge_of_Nowhere.ogg</clipPath>
				<defName>The_Edge_of_Nowhere</defName>
				<allowedSeasons />
				<tense>True</tense>
			</li>
			<li>
				<clipPath>/home/steam/Games/App/RimMusic/Sounds/Tense/Undeniable.ogg</clipPath>
				<defName>Undeniable</defName>
				<allowedSeasons />
				<tense>True</tense>
			</li>
			<li>
				<clipPath>/home/steam/Games/App/RimMusic/Sounds/Tense/Up_Folk.ogg</clipPath>
				<defName>Up_Folk</defName>
				<allowedSeasons />
				<tense>True</tense>
			</li>
			<li>
				<clipPath>/home/steam/Games/App/RimMusic/Sounds/Tense/vog_mystic_force.ogg</clipPath>
				<defName>vog_mystic_force</defName>
				<allowedSeasons />
				<tense>True</tense>
			</li>
			<li>
				<clipPath>/home/steam/Games/App/RimMusic/Sounds/Tense/Final_Stand.ogg</clipPath>
				<defName>Final_Stand</defName>
				<allowedSeasons />
				<tense>True</tense>
			</li>
			<li>
				<clipPath>/home/steam/Games/App/RimMusic/Sounds/Tense/Honor.ogg</clipPath>
				<defName>Honor</defName>
				<allowedSeasons />
				<tense>True</tense>
			</li>
			<li>
				<clipPath>/home/steam/Games/App/RimMusic/Sounds/Tense/Legacy.ogg</clipPath>
				<defName>Legacy693</defName>
				<allowedSeasons />
				<tense>True</tense>
			</li>
			<li>
				<clipPath>/home/steam/Games/App/RimMusic/Sounds/Tense/Code_Red.ogg</clipPath>
				<defName>Code_Red</defName>
				<allowedSeasons />
				<tense>True</tense>
			</li>
			<li>
				<clipPath>/home/steam/Games/App/RimMusic/Sounds/Tense/Rimraid.ogg</clipPath>
				<defName>Rimraid921</defName>
				<allowedSeasons />
				<tense>True</tense>
			</li>
			<li>
				<clipPath>/home/steam/Games/App/RimMusic/Sounds/AnyTime/Disclosed.ogg</clipPath>
				<defName>Disclosed</defName>
				<allowedSeasons />
			</li>
			<li>
				<clipPath>/home/steam/Games/App/RimMusic/Sounds/AnyTime/Forth_Then_Fall.ogg</clipPath>
				<defName>Forth_Then_Fall</defName>
				<allowedSeasons>
					<li>Undefined</li>
				</allowedSeasons>
			</li>
			<li>
				<clipPath>/home/steam/Games/App/RimMusic/Sounds/AnyTime/Launch.ogg</clipPath>
				<defName>Launch</defName>
				<allowedSeasons />
			</li>
			<li>
				<clipPath>/home/steam/Games/App/RimMusic/Sounds/AnyTime/Long_White_Cloud.ogg</clipPath>
				<defName>Long_White_Cloud</defName>
				<allowedSeasons />
			</li>
			<li>
				<clipPath>/home/steam/Games/App/RimMusic/Sounds/AnyTime/Kobold-March.ogg</clipPath>
				<defName>Kobold-March</defName>
				<allowedSeasons />
			</li>
			<li>
				<clipPath>/home/steam/Games/App/RimMusic/Sounds/AnyTime/Moon_Love.ogg</clipPath>
				<defName>Moon_Love</defName>
				<allowedSeasons />
			</li>
			<li>
				<clipPath>/home/steam/Games/App/RimMusic/Sounds/RimTheme/me1_vigil.ogg</clipPath>
				<defName>me1_vigil</defName>
				<allowedSeasons />
			</li>
			<li>
				<clipPath>/home/steam/Games/App/RimMusic/Sounds/RimTheme/me3_citadel_farewell_and_into_the_inevitable.ogg</clipPath>
				<defName>me3_citadel_farewell_and_into_the_inevitable</defName>
				<allowedSeasons />
			</li>
			<li>
				<clipPath>/home/steam/Games/App/RimMusic/Sounds/RimTheme/me3_citadel_liaras_theme.ogg</clipPath>
				<defName>me3_citadel_liaras_theme</defName>
				<allowedSeasons />
			</li>
			<li>
				<clipPath>/home/steam/Games/App/RimMusic/Sounds/RimTheme/me3_ec_i_am_alive_and_i_am_not_alone.ogg</clipPath>
				<defName>me3_ec_i_am_alive_and_i_am_not_alone</defName>
				<allowedSeasons />
			</li>
			<li>
				<clipPath>/home/steam/Games/App/RimMusic/Sounds/RimTheme/me3_ec_wake_up.ogg</clipPath>
				<defName>me3_ec_wake_up</defName>
				<allowedSeasons />
			</li>
			<li>
				<clipPath>/home/steam/Games/App/RimMusic/Sounds/RimTheme/me3_ec_we_fought_as_a_united_galaxy.ogg</clipPath>
				<defName>me3_ec_we_fought_as_a_united_galaxy</defName>
				<allowedSeasons />
			</li>
			<li>
				<clipPath>/home/steam/Games/App/RimMusic/Sounds/RimTheme/Tense/me1_love_theme.ogg</clipPath>
				<defName>me1_love_theme</defName>
				<allowedSeasons />
				<tense>True</tense>
			</li>
			<li>
				<clipPath>/home/steam/Games/App/RimMusic/Sounds/RimTheme/Tense/me1_mass_effect_theme.ogg</clipPath>
				<defName>me1_mass_effect_theme</defName>
				<allowedSeasons />
				<tense>True</tense>
			</li>
			<li>
				<clipPath>/home/steam/Games/App/RimMusic/Sounds/RimTheme/Tense/me1_noveria.ogg</clipPath>
				<defName>me1_noveria</defName>
				<allowedSeasons />
				<tense>True</tense>
			</li>
			<li>
				<clipPath>/home/steam/Games/App/RimMusic/Sounds/RimTheme/Tense/me1_spectre_induction.ogg</clipPath>
				<defName>me1_spectre_induction</defName>
				<allowedSeasons />
				<tense>True</tense>
			</li>
			<li>
				<clipPath>/home/steam/Games/App/RimMusic/Sounds/RimTheme/Tense/me1_the_presidium.ogg</clipPath>
				<defName>me1_the_presidium</defName>
				<allowedSeasons />
				<tense>True</tense>
			</li>
			<li>
				<clipPath>/home/steam/Games/App/RimMusic/Sounds/RimTheme/Tense/me1_uncharted_worlds.ogg</clipPath>
				<defName>me1_uncharted_worlds</defName>
				<allowedSeasons />
				<tense>True</tense>
			</li>
			<li>
				<clipPath>/home/steam/Games/App/RimMusic/Sounds/RimTheme/Tense/me2_collector_fever.ogg</clipPath>
				<defName>me2_collector_fever</defName>
				<allowedSeasons />
				<tense>True</tense>
			</li>
			<li>
				<clipPath>/home/steam/Games/App/RimMusic/Sounds/RimTheme/Tense/me2_lsb_shadowbroker.ogg</clipPath>
				<defName>me2_lsb_shadowbroker</defName>
				<allowedSeasons />
				<tense>True</tense>
			</li>
		</songList>
	</ModSettings>
</SettingsBlock>