﻿<?xml version="1.0" encoding="utf-8"?>
<SettingsBlock>
	<ModSettings Class="DubsMintMenus.Settings">
		<BuildMenuPosNew>(0.0, 183.0)</BuildMenuPosNew>
		<BuildMenuSizeNew>(1000.0, 550.0)</BuildMenuSizeNew>
		<ShowMintBillsButton>True</ShowMintBillsButton>
		<HideFinished>True</HideFinished>
		<BoxSizeX>90</BoxSizeX>
		<BoxSizeY>75</BoxSizeY>
		<infocardW>350</infocardW>
		<MaxHeight>650</MaxHeight>
		<InfoWidth>358</InfoWidth>
		<billTabH>300</billTabH>
		<bBoxSizeY>55</bBoxSizeY>
		<listWidth>445</listWidth>
		<ResearchListWidth>350</ResearchListWidth>
		<pinnedArchitectTabs />
		<ResourceReadout />
		<WheelDefs>
			<li>RimWorld.Designator_Deconstruct</li>
			<li>RimWorld.Designator_Mine</li>
			<li>RimWorld.Designator_PlantsHarvestWood</li>
			<li>RimWorld.Designator_Strip</li>
			<li>AllowTool.Designator_FinishOff</li>
			<li>RimWorld.Designator_PlantsCut</li>
			<li>RimWorld.Designator_PlantsHarvest</li>
			<li>AllowTool.Designator_HaulUrgently</li>
			<li>RimWorld.Designator_Cancel</li>
			<li>RimWorld.Designator_Claim</li>
			<li>AllowTool.Designator_AllowAll</li>
			<li>AllowTool.Designator_HarvestFullyGrown</li>
			<li>RimWorld.Designator_SmoothSurface</li>
		</WheelDefs>
		<FBenchTemplates />
	</ModSettings>
</SettingsBlock>