﻿<?xml version="1.0" encoding="utf-8"?>
<Layout>
  <HStack>
    <Panel>
      <Row>
        <RelationKindAndFaction />
      </Row>
      <Row>
        <GenderRaceAndAge />
      </Row>
    </Panel>
    <Panel>
      <Row>
        <Outfit Targets="H" />
        <Food Targets="HC" />
      </Row>
      <Row>
        <Timetable Targets="H" />
        <Area Targets="HC" />
      </Row>
    </Panel>
  </HStack>
  <Panel>
    <Row>
      <Separator />
    </Row>
  </Panel>
  <HStack FillHeight="true">
    <Panel>
      <Row>
        <Health />
      </Row>
      <Row>
        <HealthCondition />
      </Row>
      <Row Targets="Hh">
        <NeedMood />
      </Row>
      <Row Targets="Hh">
        <MindCondition />
      </Row>
      <Row Targets="Cc">
        <MindCondition />
      </Row>
      <Row>
        <NeedFood />
      </Row>
      <Row>
        <NeedRest />
      </Row>
      <Row Targets="Hh">
        <NeedRecreation />
      </Row>
    </Panel>
    <Panel>
      <Row Targets="Hh">
        <SkillShooting />
        <SkillMelee />
      </Row>
      <Row Targets="Hh">
        <SkillConstruction />
        <SkillMining />
      </Row>
      <Row Targets="Hh">
        <SkillCooking />
        <SkillPlants />
      </Row>
      <Row Targets="Hh">
        <SkillAnimals />
        <SkillCrafting />
      </Row>
      <Row Targets="Hh">
        <SkillArtistic />
        <SkillMedicine />
      </Row>
      <Row Targets="Hh">
        <SkillSocial />
        <SkillIntellectual />
      </Row>
      <Row Targets="C">
        <TrainingTameness />
        <Master />
      </Row>
      <Row Targets="C">
        <TrainingObedience />
        <TrainingRelease />
      </Row>
      <Row Targets="C">
        <TrainingRescue />
        <TrainingHaul />
      </Row>
      <Row>
        <CompInfo />
      </Row>
    </Panel>
  </HStack>
  <Panel>
    <Row>
      <Separator />
    </Row>
  </Panel>
  <HStack>
    <Panel>
      <Row>
        <Activity />
      </Row>
      <Row>
        <Queued />
      </Row>
    </Panel>
    <Panel>
      <Row>
        <Equipped />
      </Row>
      <Row>
        <Carrying />
      </Row>
    </Panel>
  </HStack>
</Layout>