﻿<?xml version="1.0" encoding="utf-8"?>
<SettingsBlock>
	<ModSettings Class="TechAdvancing.Settings">
		<TA_Expose_Default_Numbers>
			<keys>
				<li>Conditionvalue_A</li>
				<li>Conditionvalue_B</li>
				<li>Conditionvalue_B_s</li>
				<li>baseTechlvlCfg</li>
				<li>configCheckboxNeedTechColonists</li>
				<li>configCheckboxDisableCostMultiplicatorCap</li>
				<li>configCheckboxMakeHigherResearchesSuperExpensive</li>
				<li>configCheckboxMakeHigherResearchesSuperExpensiveFac</li>
				<li>configChangeResearchCostFac</li>
				<li>configSimpleResearchDiscountFac</li>
				<li>configCheckboxIgnoreNonMainTreeTechs</li>
				<li>configCheckboxIgnoreResearchNeedingTechprints</li>
			</keys>
			<values>
				<li>1</li>
				<li>1</li>
				<li>50</li>
				<li>1</li>
				<li>0</li>
				<li>0</li>
				<li>0</li>
				<li>10</li>
				<li>80</li>
				<li>30</li>
				<li>0</li>
				<li>1</li>
			</values>
		</TA_Expose_Default_Numbers>
	</ModSettings>
</SettingsBlock>