﻿<?xml version="1.0" encoding="utf-8"?>
<ModsConfigData>
  <version>1.3.3326 rev564</version>
  <activeMods>
    <li>brrainz.harmony</li>
    <li>ludeon.rimworld</li>
    <li>ludeon.rimworld.royalty</li>
    <li>ludeon.rimworld.ideology</li>
    <li>erdelf.humanoidalienraces</li>
    <li>davyd.translation.ideology</li>
    <li>unlimitedhugs.hugslib</li>
    <li>name.krypt.rimworld.moddiff</li>
    <li>vanillaexpanded.vcef</li>
    <li>dismarzero.vgp.vgpvegetablegarden</li>
    <li>dismarzero.vgp.vgpgardengourmet</li>
    <li>dismarzero.vgp.vgpgardenmedicine</li>
    <li>dismarzero.vgp.vgpgardenfabrics</li>
    <li>gekasid.vgp.vgpvegetablegarden.rus</li>
    <li>rimfridge.kv.rw</li>
    <li>lwm.deepstorage</li>
    <li>brrainz.cameraplus</li>
    <li>com.bymarcin.architecticons</li>
    <li>automatic.bionicicons</li>
    <li>automatic.recipeicons</li>
    <li>dubwise.dubsmintmenus</li>
    <li>unlimitedhugs.allowtool</li>
    <li>mastertea.randomplus</li>
    <li>jaxe.rimhud</li>
    <li>mlie.silentdoors</li>
    <li>maxzicode.zitools</li>
    <li>mehni.numbers</li>
    <li>bodlosh.weaponstats</li>
    <li>uuugggg.replacestuff</li>
    <li>mlie.wehadatrader</li>
    <li>roolo.runandgun</li>
    <li>mlie.turnonoffrepowered</li>
    <li>fluffy.worktab</li>
    <li>revolus.whatsmissing</li>
    <li>automatic.autolinks</li>
    <li>sarg.smartspeed</li>
    <li>uuugggg.smartmedicine</li>
    <li>dhultgren.smarterconstruction</li>
    <li>haecriver.injuredcarry</li>
    <li>jkluch.haultostack</li>
    <li>mlie.wikirim</li>
    <li>fluffy.researchtree</li>
    <li>murmur.walllight</li>
    <li>mehni.pickupandhaul</li>
    <li>uuugggg.sharetheload</li>
    <li>farmradish.nyaron</li>
    <li>ykara.epoe</li>
    <li>spoonshortage.adogsaidanimalprosthetics</li>
    <li>kikohi.cybernetic</li>
    <li>aelanna.eccentrictech.core</li>
    <li>aelanna.eccentricextras.angelhairs</li>
    <li>aelanna.eccentrictech.foxysarmory2</li>
    <li>aelanna.eccentrictech.cosmetics2</li>
    <li>aelanna.eccentrictech.angelapparel</li>
    <li>aelanna.eccentricextras.signaturegear</li>
    <li>aelanna.eccentrictech.advancedshields</li>
    <li>aelanna.eccentrictech.fusionpower</li>
    <li>emty.compatibility.patch</li>
    <li>trinity.runtimegcupdated</li>
    <li>krkr.rocketman</li>
  </activeMods>
  <knownExpansions>
    <li>ludeon.rimworld.ideology</li>
    <li>ludeon.rimworld.royalty</li>
  </knownExpansions>
</ModsConfigData>