﻿<?xml version="1.0" encoding="utf-8"?>
<SettingsBlock>
	<ModSettings Class="PeteTimesSix.SimpleSidearms.SimpleSidearms_Settings">
		<SettingsEverOpened>True</SettingsEverOpened>
		<ActivePreset>Advanced</ActivePreset>
		<SeparateModes>True</SeparateModes>
		<LimitModeSingleMelee>AbsoluteWeight</LimitModeSingleMelee>
		<LimitModeSingleRanged>AbsoluteWeight</LimitModeSingleRanged>
		<LimitModeAmountTotal>AbsoluteWeight</LimitModeAmountTotal>
		<LimitModeSingle_Selection>
			<li>CE_Melee_WraithBlade</li>
			<li>MeleeWeapon_PsyfocusStaff</li>
			<li>VFE_MeleeWeapon_DaneAxe</li>
			<li>VFEV_CryptoPistol</li>
			<li>CE_Melee_PoweredShortsword</li>
			<li>CE_Melee_PoweredMace</li>
			<li>DankPyon_MeleeWeapon_NobleSword</li>
			<li>Nr_Clawbar</li>
			<li>CE_Melee_Halberd</li>
			<li>VFE_MeleeWeapon_BeardedAxe</li>
			<li>VFE_MeleeWeapon_Seax</li>
			<li>DankPyon_MeleeWeapon_FencingSword</li>
			<li>MeleeWeapon_Axe</li>
			<li>MeleeWeapon_Ikwa</li>
			<li>DankPyon_MeleeWeapon_ArmingSword</li>
			<li>DankPyon_MeleeWeapon_Falchion</li>
			<li>MeleeWeapon_Gladius</li>
			<li>MeleeWeapon_Mace</li>
			<li>MeleeWeapon_BreachAxe</li>
			<li>DankPyon_MeleeWeapon_Handaxe</li>
			<li>DankPyon_MeleeWeapon_WingedMace</li>
			<li>VFEC_MeleeWeapon_Dagger</li>
			<li>DankPyon_MeleeWeapon_Hatchet</li>
			<li>DankPyon_MeleeWeapon_MorningStar</li>
			<li>DankPyon_MeleeWeapon_NomadMace</li>
			<li>MeleeWeapon_Knife</li>
			<li>DankPyon_MeleeWeapon_Bludgeon</li>
			<li>Nr_CriPistol</li>
			<li>Nr_Karambit</li>
			<li>Gun_Autopistol</li>
			<li>Gun_Revolver</li>
			<li>CE_Gun_TaurusJudge</li>
			<li>CE_FlareGun</li>
			<li>DankPyon_Weapon_PotFire</li>
			<li>CE_Gun_FlintlockPistol</li>
			<li>Bow_Recurve</li>
			<li>Weapon_GrenadeStickBomb</li>
			<li>Bow_Short</li>
			<li>Weapon_GrenadeEMP</li>
			<li>Weapon_GrenadeFrag</li>
			<li>Weapon_GrenadeFirefoam</li>
			<li>Weapon_GrenadeSmoke</li>
			<li>Weapon_GrenadeFlashbang</li>
			<li>Beer</li>
			<li>VFE_Harpoon</li>
			<li>Weapon_GrenadeMolotov</li>
			<li>VFE_ThrowingAxe</li>
			<li>WoodLog</li>
			<li>Nr_Lightbringer</li>
		</LimitModeSingle_Selection>
		<LimitModeSingleMelee_AbsoluteMass>2.25</LimitModeSingleMelee_AbsoluteMass>
		<LimitModeSingleMelee_Selection>
			<li>CE_Melee_WraithBlade</li>
			<li>MeleeWeapon_PsyfocusStaff</li>
			<li>VFE_MeleeWeapon_DaneAxe</li>
			<li>CE_Melee_PoweredShortsword</li>
			<li>CE_Melee_PoweredMace</li>
			<li>DankPyon_MeleeWeapon_NobleSword</li>
			<li>Nr_Clawbar</li>
			<li>CE_Melee_Halberd</li>
			<li>VFE_MeleeWeapon_BeardedAxe</li>
			<li>VFE_MeleeWeapon_Seax</li>
			<li>DankPyon_MeleeWeapon_FencingSword</li>
			<li>MeleeWeapon_Axe</li>
			<li>MeleeWeapon_Ikwa</li>
			<li>DankPyon_MeleeWeapon_ArmingSword</li>
			<li>DankPyon_MeleeWeapon_Falchion</li>
			<li>MeleeWeapon_Gladius</li>
			<li>MeleeWeapon_Mace</li>
			<li>MeleeWeapon_BreachAxe</li>
			<li>DankPyon_MeleeWeapon_Handaxe</li>
			<li>DankPyon_MeleeWeapon_WingedMace</li>
			<li>VFEC_MeleeWeapon_Dagger</li>
			<li>DankPyon_MeleeWeapon_Hatchet</li>
			<li>DankPyon_MeleeWeapon_MorningStar</li>
			<li>DankPyon_MeleeWeapon_NomadMace</li>
			<li>MeleeWeapon_Knife</li>
			<li>DankPyon_MeleeWeapon_Bludgeon</li>
			<li>Nr_Karambit</li>
			<li>Beer</li>
			<li>WoodLog</li>
			<li>Nr_Lightbringer</li>
		</LimitModeSingleMelee_Selection>
		<LimitModeSingleRanged_AbsoluteMass>5</LimitModeSingleRanged_AbsoluteMass>
		<LimitModeSingleRanged_Selection>
			<li>RF_KunziteWand</li>
			<li>RF_AmethystWand</li>
			<li>RF_CitrineWand</li>
			<li>RF_DiamondWand</li>
			<li>RF_OnyxWand</li>
			<li>RF_CarnelianWand</li>
			<li>RF_RubyWand</li>
			<li>RF_AquamarineWand</li>
			<li>RF_SapphireWand</li>
			<li>RF_EmeraldWand</li>
			<li>RF_PeridotWand</li>
			<li>VFEV_CryptoPistol</li>
			<li>CE_Gun_ChargeSMG</li>
			<li>Gun_HeavySMG</li>
			<li>Nr_CriPistol</li>
			<li>Gun_Autopistol</li>
			<li>DankPyon_Crossbow</li>
			<li>Gun_Revolver</li>
			<li>CE_Gun_TaurusJudge</li>
			<li>CE_FlareGun</li>
			<li>DankPyon_Weapon_PotFire</li>
			<li>CE_DisposableRocketLauncher</li>
			<li>CE_Gun_FlintlockPistol</li>
			<li>Bow_Recurve</li>
			<li>DankPyon_Bow_Hunting</li>
			<li>Weapon_GrenadeStickBomb</li>
			<li>Bow_Short</li>
			<li>Weapon_GrenadeEMP</li>
			<li>Weapon_GrenadeFrag</li>
			<li>Weapon_GrenadeFirefoam</li>
			<li>Weapon_GrenadeSmoke</li>
			<li>Weapon_GrenadeFlashbang</li>
			<li>Pila</li>
			<li>VFEC_Javelin</li>
			<li>VFE_Harpoon</li>
			<li>Weapon_GrenadeMolotov</li>
			<li>VFE_ThrowingAxe</li>
		</LimitModeSingleRanged_Selection>
		<SkipDangerousWeapons>False</SkipDangerousWeapons>
		<FumbleRecoveryChance>
			<li>(0.00, 0.00)</li>
			<li>(2.00, 0.15)</li>
			<li>(5.00, 0.85)</li>
			<li>(7.00, 1.00)</li>
			<li>(20.00, 1.00)</li>
		</FumbleRecoveryChance>
		<ShowAlertsMissingSidearm>False</ShowAlertsMissingSidearm>
	</ModSettings>
</SettingsBlock>