﻿<?xml version="1.0" encoding="utf-8"?>
<SettingsBlock>
	<ModSettings Class="PeteTimesSix.SimpleSidearms.SimpleSidearms_Settings">
		<SettingsEverOpened>True</SettingsEverOpened>
		<ActivePreset>Advanced</ActivePreset>
		<SeparateModes>True</SeparateModes>
		<LimitModeSingleMelee>AbsoluteWeight</LimitModeSingleMelee>
		<LimitModeSingleRanged>AbsoluteWeight</LimitModeSingleRanged>
		<LimitModeAmountTotal>AbsoluteWeight</LimitModeAmountTotal>
		<LimitModeSingleMelee_AbsoluteMass>2.25</LimitModeSingleMelee_AbsoluteMass>
		<LimitModeSingleRanged_AbsoluteMass>5</LimitModeSingleRanged_AbsoluteMass>
		<LimitModeSingle_Selection_defNames>
			<li>MeleeWeapon_PsyfocusStaff</li>
			<li>MeleeWeapon_Axe</li>
			<li>MeleeWeapon_Ikwa</li>
			<li>MeleeWeapon_Gladius</li>
			<li>MeleeWeapon_Mace</li>
			<li>MeleeWeapon_BreachAxe</li>
			<li>MeleeWeapon_Knife</li>
			<li>Gun_Autopistol</li>
			<li>Gun_Revolver</li>
			<li>Bow_Recurve</li>
			<li>Bow_Short</li>
			<li>Weapon_GrenadeEMP</li>
			<li>Weapon_GrenadeFrag</li>
			<li>Beer</li>
			<li>Weapon_GrenadeMolotov</li>
			<li>WoodLog</li>
		</LimitModeSingle_Selection_defNames>
		<LimitModeSingleMelee_Selection_defNames>
			<li>MeleeWeapon_PsyfocusStaff</li>
			<li>MeleeWeapon_Axe</li>
			<li>MeleeWeapon_Ikwa</li>
			<li>MeleeWeapon_Gladius</li>
			<li>MeleeWeapon_Mace</li>
			<li>MeleeWeapon_BreachAxe</li>
			<li>MeleeWeapon_Knife</li>
			<li>Beer</li>
			<li>WoodLog</li>
		</LimitModeSingleMelee_Selection_defNames>
		<LimitModeSingleRanged_Selection_defNames>
			<li>Gun_HeavySMG</li>
			<li>Gun_Autopistol</li>
			<li>Gun_Revolver</li>
			<li>Bow_Recurve</li>
			<li>Bow_Short</li>
			<li>Weapon_GrenadeEMP</li>
			<li>Weapon_GrenadeFrag</li>
			<li>Pila</li>
			<li>Weapon_GrenadeMolotov</li>
		</LimitModeSingleRanged_Selection_defNames>
		<LimitModeSingle_Selection />
		<LimitModeSingleMelee_Selection />
		<LimitModeSingleRanged_Selection />
		<SkipDangerousWeapons>False</SkipDangerousWeapons>
		<FumbleRecoveryChance>
			<li>(0.00, 0.00)</li>
			<li>(2.00, 0.15)</li>
			<li>(5.00, 0.85)</li>
			<li>(7.00, 1.00)</li>
			<li>(20.00, 1.00)</li>
		</FumbleRecoveryChance>
		<ShowAlertsMissingSidearm>False</ShowAlertsMissingSidearm>
	</ModSettings>
</SettingsBlock>