﻿<?xml version="1.0" encoding="utf-8"?>
<SettingsBlock>
	<ModSettings Class="Numbers.Numbers_Settings">
		<coolerThanTheWildlifeTab>False</coolerThanTheWildlifeTab>
		<numbersPawnTableDefs>
			<li>Numbers_Animals,Default,Label,Gender,LifeStage,Numbers_NeedsTreatment,Pregnant,GapTiny,Trainable_Tameness,Trainable_Obedience,Trainable_Release,Trainable_Rescue,Trainable_Haul,GapTiny,FollowDrafted,FollowFieldwork,GapTiny,Master,Bond,Slaughter,Numbers_AnimalFilthRate,MedicalCare,GapTiny,Numbers_Areas,RemainingSpace,</li>
			<li>Numbers_Prisoners,Default,Label,Numbers_Equipment,MedicalCare,Numbers_DiseaseProgress,Numbers_NeedsTreatment,Numbers_PrisonerResistance,Numbers_MentalState,FoodRestriction,Numbers_PrisonerInteraction,Numbers_RimWorld_StatDef_MarketValue,RemainingSpace,</li>
			<li>Numbers_MainTable,Default,Label,Ideo,Numbers_Backstory,Numbers_Equipment,Numbers_SelfTend,MedicalCare,Numbers_DiseaseProgress,Numbers_NeedsTreatment,Numbers_RimWorld_StatDef_ComfyTemperatureMin,Numbers_RimWorld_StatDef_ComfyTemperatureMax,Numbers_RimWorld_SkillDef_Medicine,RemainingSpace,</li>
		</numbersPawnTableDefs>
	</ModSettings>
</SettingsBlock>