﻿<?xml version="1.0" encoding="utf-8"?>
<PrefsData>
  <volumeMaster>0.3243243</volumeMaster>
  <volumeGame>0.3201437</volumeGame>
  <volumeMusic>0.1154791</volumeMusic>
  <volumeAmbient>0.1196473</volumeAmbient>
  <volumeUI>1</volumeUI>
  <screenWidth>0</screenWidth>
  <screenHeight>0</screenHeight>
  <fullscreen>False</fullscreen>
  <uiScale>1</uiScale>
  <customCursorEnabled>True</customCursorEnabled>
  <hatsOnlyOnMap>True</hatsOnlyOnMap>
  <plantWindSway>True</plantWindSway>
  <screenShakeIntensity>1</screenShakeIntensity>
  <textureCompression>True</textureCompression>
  <showRealtimeClock>True</showRealtimeClock>
  <disableTinyText>False</disableTinyText>
  <animalNameMode>None</animalNameMode>
  <mechNameMode>WhileDrafted</mechNameMode>
  <backgroundExpansionId>ludeon.rimworld.biotech</backgroundExpansionId>
  <randomBackground>False</randomBackground>
  <showWeaponsUnderPortraitMode>WhileDrafted</showWeaponsUnderPortraitMode>
  <extremeDifficultyUnlocked>False</extremeDifficultyUnlocked>
  <adaptiveTrainingEnabled>False</adaptiveTrainingEnabled>
  <steamDeckKeyboardMode>False</steamDeckKeyboardMode>
  <preferredNames />
  <resourceReadoutCategorized>True</resourceReadoutCategorized>
  <runInBackground>False</runInBackground>
  <edgeScreenScroll>False</edgeScreenScroll>
  <temperatureMode>Celsius</temperatureMode>
  <autosaveIntervalDays>1</autosaveIntervalDays>
  <testMapSizes>False</testMapSizes>
  <maxNumberOfPlayerSettlements>1</maxNumberOfPlayerSettlements>
  <pauseOnLoad>True</pauseOnLoad>
  <automaticPauseMode>MajorThreat</automaticPauseMode>
  <mapDragSensitivity>1.3</mapDragSensitivity>
  <smoothCameraJumps>False</smoothCameraJumps>
  <devMode>False</devMode>
  <debugActionPalette>
    <li>Actions\Spawn thing...</li>
    <li>Actions\Spawn full thing stack...</li>
    <li>Actions\T: 5000 damage</li>
    <li>Actions\T: Spawn Random Faction Base</li>
    <li>Actions\T: Destroy Site</li>
  </debugActionPalette>
  <devPalettePosition>
    <x>82</x>
    <y>4</y>
  </devPalettePosition>
  <langFolderName>Russian (Русский)</langFolderName>
  <logVerbose>False</logVerbose>
  <pauseOnError>False</pauseOnError>
  <resetModsConfigOnCrash>True</resetModsConfigOnCrash>
  <simulateNotOwningRoyalty>False</simulateNotOwningRoyalty>
  <simulateNotOwningIdeology>False</simulateNotOwningIdeology>
  <simulateNotOwningBiotech>False</simulateNotOwningBiotech>
</PrefsData>